user_id,conversation_id,interaction_type,timestamp,topic
28,186,view,2024-05-05 23:19:48,science
13,137,comment,2024-05-24 12:23:48,technology
40,113,view,2024-01-28 23:20:48,travel
12,47,like,2023-12-16 02:08:48,technology
37,88,view,2024-04-04 23:02:48,food
26,113,view,2024-01-29 06:34:48,travel
38,181,comment,2024-02-24 20:04:48,entertainment
2,150,comment,2024-04-07 08:17:48,politics
6,74,view,2023-10-24 20:18:48,science
45,52,view,2024-04-29 18:40:48,health
17,9,view,2024-04-07 08:39:48,science
25,5,view,2024-03-08 00:05:48,health
47,53,view,2023-12-29 08:43:48,entertainment
39,108,view,2023-08-09 03:57:48,science
48,33,view,2023-12-30 00:28:48,travel
5,51,view,2023-11-15 09:57:48,health
37,118,view,2023-09-04 21:49:48,travel
10,110,view,2024-05-26 10:41:48,technology
1,84,view,2024-01-30 08:03:48,health
25,77,view,2024-03-19 08:39:48,travel
20,188,view,2023-12-02 17:23:48,technology
27,89,comment,2023-08-07 08:45:48,food
5,174,view,2023-12-21 21:03:48,politics
39,155,view,2023-10-06 00:09:48,politics
36,122,view,2024-05-18 05:54:48,politics
22,2,view,2023-12-05 23:02:48,food
47,80,like,2023-08-09 13:57:48,entertainment
9,114,view,2023-07-04 18:09:48,food
2,76,view,2024-04-11 14:44:48,science
26,131,like,2023-08-28 16:00:48,sports
27,79,like,2024-06-22 11:29:48,health
16,181,view,2024-02-25 19:03:48,entertainment
42,185,view,2024-04-03 07:15:48,sports
43,8,view,2024-03-09 13:44:48,food
33,161,view,2024-02-17 12:58:48,technology
19,158,view,2023-11-11 12:43:48,entertainment
13,80,like,2023-08-09 02:33:48,entertainment
5,143,comment,2024-03-31 19:13:48,politics
5,2,view,2023-12-06 09:18:48,food
37,19,view,2024-04-27 16:36:48,health
11,102,comment,2023-08-23 00:22:48,science
22,74,like,2023-10-25 06:16:48,science
15,42,view,2023-12-29 18:21:48,travel
15,182,view,2024-04-18 22:31:48,science
47,1,view,2024-03-09 21:39:48,science
44,102,view,2023-08-22 22:45:48,science
6,166,view,2024-05-29 10:25:48,sports
47,112,like,2024-01-25 15:11:48,travel
43,95,view,2023-10-08 12:14:48,health
14,113,view,2024-01-29 18:39:48,travel
10,115,view,2023-08-22 13:09:48,science
44,98,view,2024-04-16 15:49:48,health
31,31,view,2024-02-13 05:18:48,science
22,10,view,2023-07-14 12:36:48,food
1,17,like,2023-12-01 03:19:48,science
30,163,view,2024-01-23 09:34:48,health
26,81,view,2023-12-16 07:54:48,food
22,199,view,2024-05-26 17:53:48,health
28,8,view,2024-03-09 09:14:48,food
47,111,view,2024-01-26 19:46:48,health
7,183,view,2024-02-12 00:50:48,sports
15,132,like,2023-09-30 20:34:48,politics
33,169,view,2024-03-15 17:28:48,travel
50,63,view,2023-06-27 16:11:48,entertainment
13,163,like,2024-01-22 22:07:48,health
11,82,view,2024-01-16 20:22:48,sports
28,151,comment,2023-12-30 01:32:48,politics
42,178,like,2023-09-12 10:46:48,sports
1,107,view,2024-03-11 17:33:48,health
45,11,view,2023-12-02 04:01:48,politics
4,1,view,2024-03-10 05:30:48,science
16,112,view,2024-01-25 05:46:48,travel
35,63,view,2023-06-27 19:09:48,entertainment
35,78,view,2023-10-27 18:24:48,technology
45,64,like,2024-05-30 02:30:48,food
48,148,view,2024-03-31 19:51:48,politics
45,117,view,2024-05-03 08:33:48,sports
2,149,view,2024-01-15 01:51:48,food
45,54,view,2024-02-04 06:08:48,technology
8,164,comment,2023-09-18 09:49:48,health
32,68,view,2023-11-16 18:15:48,entertainment
22,134,view,2023-08-10 12:45:48,health
7,132,view,2023-10-01 19:25:48,politics
50,144,view,2024-03-27 07:28:48,politics
5,101,like,2024-04-09 14:07:48,technology
27,142,view,2024-06-22 22:16:48,entertainment
34,98,view,2024-04-16 08:45:48,health
44,97,view,2023-07-30 05:32:48,health
27,174,view,2023-12-22 19:37:48,politics
18,149,view,2024-01-15 02:28:48,food
45,132,view,2023-10-01 07:27:48,politics
28,43,view,2023-09-10 21:33:48,food
25,154,comment,2023-10-03 09:36:48,science
48,117,view,2024-05-03 12:30:48,sports
35,161,comment,2024-02-17 00:07:48,technology
41,145,view,2023-10-15 16:51:48,food
21,119,view,2023-07-07 00:25:48,science
10,121,view,2024-04-18 11:25:48,travel
43,8,view,2024-03-09 13:04:48,food
31,172,view,2023-11-22 03:51:48,food
20,145,view,2023-10-15 11:33:48,food
5,200,view,2024-04-19 23:24:48,science
10,87,view,2024-06-21 11:49:48,food
2,97,view,2023-07-30 06:27:48,health
42,163,comment,2024-01-23 06:39:48,health
2,169,like,2024-03-15 15:52:48,travel
35,56,like,2023-10-30 15:40:48,sports
7,171,view,2023-09-20 13:09:48,travel
6,142,like,2024-06-23 13:42:48,entertainment
44,111,view,2024-01-26 02:25:48,health
11,177,view,2024-02-12 09:03:48,entertainment
37,84,like,2024-01-30 01:37:48,health
31,63,like,2023-06-27 12:39:48,entertainment
28,63,view,2023-06-26 22:23:48,entertainment
23,64,view,2024-05-30 18:21:48,food
38,14,view,2024-01-24 13:42:48,food
37,121,view,2024-04-17 23:05:48,travel
11,197,like,2023-10-21 18:29:48,technology
34,5,like,2024-03-08 04:03:48,health
50,141,like,2023-06-30 20:29:48,food
18,113,view,2024-01-29 13:03:48,travel
10,142,view,2024-06-22 20:51:48,entertainment
16,129,like,2024-01-04 23:48:48,entertainment
4,30,view,2023-09-15 12:23:48,entertainment
4,161,like,2024-02-17 18:49:48,technology
5,138,view,2024-03-13 23:29:48,travel
13,10,view,2023-07-14 00:28:48,food
4,75,like,2024-01-19 18:30:48,politics
5,46,view,2023-12-28 22:37:48,science
47,91,comment,2023-10-01 23:12:48,technology
13,118,view,2023-09-05 00:45:48,travel
46,172,view,2023-11-22 19:29:48,food
23,5,view,2024-03-08 09:26:48,health
43,23,like,2023-09-18 08:58:48,sports
20,120,view,2023-07-13 22:57:48,sports
2,43,view,2023-09-11 17:48:48,food
27,95,view,2023-10-08 06:51:48,health
1,21,view,2024-04-18 04:42:48,technology
9,88,view,2024-04-05 19:47:48,food
43,52,view,2024-04-28 20:06:48,health
49,130,view,2024-03-22 07:55:48,sports
4,48,view,2024-05-25 18:46:48,politics
24,46,like,2023-12-29 09:51:48,science
45,200,view,2024-04-20 12:46:48,science
37,155,like,2023-10-06 03:30:48,politics
47,171,view,2023-09-19 22:10:48,travel
42,200,view,2024-04-20 04:29:48,science
39,134,view,2023-08-10 00:58:48,health
33,33,view,2023-12-30 10:37:48,travel
25,142,view,2024-06-23 13:13:48,entertainment
8,168,view,2023-12-20 10:10:48,science
27,178,view,2023-09-12 09:11:48,sports
7,58,view,2023-07-23 07:09:48,travel
26,185,view,2024-04-03 03:59:48,sports
45,9,view,2024-04-07 16:32:48,science
19,117,view,2024-05-03 04:45:48,sports
9,153,view,2023-07-14 23:06:48,technology
32,113,comment,2024-01-29 17:36:48,travel
35,65,view,2023-06-29 05:28:48,health
45,168,like,2023-12-20 15:01:48,science
24,21,view,2024-04-18 06:43:48,technology
22,101,view,2024-04-09 12:26:48,technology
45,88,like,2024-04-04 23:51:48,food
19,159,view,2024-06-24 14:37:48,politics
7,126,like,2023-12-28 11:24:48,technology
26,53,view,2023-12-29 18:53:48,entertainment
1,83,view,2023-07-26 08:33:48,technology
47,22,view,2023-07-20 09:33:48,entertainment
3,114,view,2023-07-04 03:47:48,food
12,94,view,2023-11-27 07:48:48,sports
17,150,like,2024-04-07 07:34:48,politics
26,65,view,2023-06-29 14:52:48,health
1,125,view,2024-03-12 22:40:48,travel
29,139,comment,2023-12-27 22:08:48,food
34,171,view,2023-09-20 06:45:48,travel
7,185,like,2024-04-03 15:05:48,sports
34,128,view,2024-05-02 22:09:48,entertainment
15,82,view,2024-01-17 17:11:48,sports
2,51,view,2023-11-15 17:54:48,health
44,170,view,2024-04-25 04:39:48,politics
2,87,view,2024-06-21 01:00:48,food
16,92,view,2023-09-03 14:54:48,travel
1,112,like,2024-01-25 13:41:48,travel
28,144,view,2024-03-27 03:03:48,politics
38,127,view,2024-05-29 07:48:48,technology
46,193,view,2024-04-01 04:54:48,health
49,6,view,2023-06-29 01:26:48,food
21,87,view,2024-06-21 07:22:48,food
45,175,view,2023-09-14 18:23:48,food
19,181,view,2024-02-25 08:54:48,entertainment
9,141,view,2023-06-30 22:25:48,food
41,142,view,2024-06-23 11:16:48,entertainment
10,47,comment,2023-12-16 08:36:48,technology
45,182,view,2024-04-19 15:02:48,science
35,59,view,2024-03-10 16:33:48,food
44,12,view,2024-02-24 20:11:48,health
21,81,comment,2023-12-16 08:39:48,food
34,179,like,2024-05-02 17:18:48,politics
6,28,view,2024-03-07 08:47:48,health
9,144,view,2024-03-27 08:18:48,politics
20,199,view,2024-05-26 02:08:48,health
2,100,like,2024-05-10 18:30:48,sports
50,138,view,2024-03-14 10:36:48,travel
48,165,like,2024-06-19 03:27:48,food
12,200,comment,2024-04-20 07:53:48,science
10,67,view,2024-02-02 20:10:48,food
4,84,view,2024-01-30 11:55:48,health
32,4,view,2024-06-23 01:33:48,sports
41,76,view,2024-04-11 15:41:48,science
3,197,view,2023-10-21 03:53:48,technology
5,161,view,2024-02-17 19:34:48,technology
34,76,like,2024-04-10 22:19:48,science
21,84,view,2024-01-29 23:04:48,health
20,124,view,2024-03-22 03:15:48,food
27,39,view,2023-11-12 02:51:48,health
36,162,view,2023-11-02 20:30:48,food
17,109,like,2024-01-25 11:58:48,entertainment
40,122,view,2024-05-18 11:12:48,politics
6,150,like,2024-04-06 22:54:48,politics
9,120,view,2023-07-14 14:19:48,sports
17,142,view,2024-06-22 20:52:48,entertainment
7,163,like,2024-01-23 05:29:48,health
22,56,view,2023-10-30 15:40:48,sports
20,170,like,2024-04-25 07:04:48,politics
43,196,view,2023-07-22 00:04:48,technology
10,44,comment,2023-10-20 14:15:48,food
49,109,view,2024-01-25 19:15:48,entertainment
11,6,view,2023-06-28 21:17:48,food
20,162,view,2023-11-03 10:02:48,food
47,61,view,2023-10-12 15:51:48,health
11,40,like,2023-11-04 10:34:48,health
31,162,like,2023-11-03 10:52:48,food
5,83,like,2023-07-26 12:52:48,technology
30,2,comment,2023-12-05 20:14:48,food
44,200,view,2024-04-20 02:59:48,science
33,169,view,2024-03-15 15:27:48,travel
38,35,view,2024-04-19 13:53:48,sports
1,82,view,2024-01-17 12:51:48,sports
7,186,view,2024-05-06 08:39:48,science
30,54,view,2024-02-03 22:29:48,technology
36,25,view,2024-05-10 14:13:48,health
41,45,view,2024-02-09 07:36:48,entertainment
33,165,view,2024-06-19 10:07:48,food
50,96,like,2023-09-04 08:34:48,sports
32,166,comment,2024-05-29 12:01:48,sports
5,160,view,2023-11-29 03:51:48,technology
39,199,view,2024-05-26 05:41:48,health
33,159,view,2024-06-24 12:00:48,politics
32,112,like,2024-01-24 20:08:48,travel
45,171,like,2023-09-20 00:53:48,travel
42,176,view,2024-02-05 17:31:48,technology
20,173,view,2023-10-28 05:00:48,technology
4,66,view,2024-03-27 20:20:48,health
44,83,comment,2023-07-26 14:17:48,technology
6,23,view,2023-09-18 11:41:48,sports
39,156,view,2024-03-19 11:19:48,health
36,116,view,2024-06-09 02:15:48,politics
36,81,like,2023-12-15 20:56:48,food
38,67,view,2024-02-03 00:16:48,food
37,158,view,2023-11-10 23:52:48,entertainment
15,79,view,2024-06-21 20:13:48,health
11,51,view,2023-11-15 16:46:48,health
16,125,like,2024-03-12 20:01:48,travel
7,143,view,2024-03-31 07:58:48,politics
36,200,view,2024-04-20 09:46:48,science
39,95,view,2023-10-08 15:51:48,health
23,179,view,2024-05-02 10:46:48,politics
46,26,view,2024-05-11 09:26:48,politics
13,4,like,2024-06-23 05:16:48,sports
43,138,view,2024-03-14 18:48:48,travel
9,162,comment,2023-11-02 23:19:48,food
45,101,view,2024-04-09 10:07:48,technology
27,62,like,2023-08-12 04:54:48,travel
24,75,like,2024-01-19 14:14:48,politics
19,166,view,2024-05-29 18:38:48,sports
18,151,view,2023-12-30 06:34:48,politics
35,180,view,2024-04-21 02:57:48,sports
41,134,view,2023-08-10 06:06:48,health
18,7,view,2023-11-04 11:28:48,science
39,164,view,2023-09-18 16:27:48,health
26,21,view,2024-04-18 10:05:48,technology
29,15,view,2023-12-06 03:49:48,politics
17,180,like,2024-04-21 10:38:48,sports
21,100,like,2024-05-10 02:16:48,sports
18,57,view,2024-02-28 01:18:48,entertainment
27,77,view,2024-03-18 21:11:48,travel
21,126,view,2023-12-28 09:21:48,technology
8,191,view,2023-07-24 12:04:48,food
47,72,like,2024-03-05 16:23:48,science
41,129,view,2024-01-04 23:20:48,entertainment
46,101,view,2024-04-09 02:28:48,technology
35,21,comment,2024-04-18 13:42:48,technology
32,195,comment,2023-12-13 16:29:48,food
20,147,comment,2024-03-19 14:40:48,food
14,171,view,2023-09-19 23:33:48,travel
14,185,view,2024-04-03 18:23:48,sports
1,112,view,2024-01-25 09:10:48,travel
24,170,view,2024-04-24 22:28:48,politics
13,28,view,2024-03-07 17:10:48,health
38,103,view,2024-05-01 20:44:48,science
45,110,view,2024-05-26 03:40:48,technology
35,81,view,2023-12-16 01:44:48,food
10,150,view,2024-04-07 10:50:48,politics
24,56,view,2023-10-30 13:04:48,sports
28,48,like,2024-05-24 20:32:48,politics
35,134,view,2023-08-09 22:14:48,health
14,188,view,2023-12-01 20:40:48,technology
2,57,view,2024-02-28 08:30:48,entertainment
46,137,like,2024-05-24 07:08:48,technology
21,164,comment,2023-09-18 01:11:48,health
11,16,view,2024-01-16 10:36:48,science
19,22,view,2023-07-20 05:40:48,entertainment
42,128,view,2024-05-03 07:56:48,entertainment
39,188,view,2023-12-02 00:21:48,technology
24,119,like,2023-07-07 19:25:48,science
44,170,view,2024-04-25 17:24:48,politics
21,18,like,2023-08-03 09:51:48,science
27,41,view,2023-11-27 22:17:48,entertainment
36,93,view,2023-09-12 15:59:48,food
21,179,comment,2024-05-02 02:16:48,politics
32,44,view,2023-10-20 17:16:48,food
48,130,like,2024-03-22 07:12:48,sports
39,186,view,2024-05-06 11:14:48,science
31,132,view,2023-10-01 02:59:48,politics
10,139,like,2023-12-28 05:08:48,food
26,29,comment,2023-10-12 07:28:48,food
10,47,view,2023-12-16 01:26:48,technology
47,1,view,2024-03-10 10:01:48,science
43,96,view,2023-09-04 14:09:48,sports
2,181,view,2024-02-25 10:05:48,entertainment
38,121,view,2024-04-18 10:08:48,travel
17,155,view,2023-10-06 12:33:48,politics
41,37,view,2023-10-02 07:03:48,sports
30,94,view,2023-11-27 14:46:48,sports
2,11,view,2023-12-02 09:00:48,politics
30,95,view,2023-10-08 11:57:48,health
23,182,like,2024-04-19 01:05:48,science
21,171,view,2023-09-20 07:10:48,travel
2,165,view,2024-06-19 13:19:48,food
38,69,view,2023-12-08 17:37:48,sports
27,178,like,2023-09-11 22:09:48,sports
29,52,like,2024-04-29 01:45:48,health
5,30,view,2023-09-15 05:49:48,entertainment
16,161,comment,2024-02-17 12:02:48,technology
3,77,view,2024-03-19 12:40:48,travel
30,128,comment,2024-05-03 16:32:48,entertainment
15,54,comment,2024-02-04 13:37:48,technology
14,192,like,2023-11-13 16:51:48,science
4,145,view,2023-10-15 13:19:48,food
43,89,view,2023-08-07 05:51:48,food
32,20,view,2024-02-29 10:21:48,sports
34,29,view,2023-10-12 04:06:48,food
2,147,like,2024-03-19 13:08:48,food
43,153,view,2023-07-15 15:24:48,technology
10,68,view,2023-11-16 09:46:48,entertainment
47,13,comment,2024-03-11 12:01:48,entertainment
8,126,view,2023-12-28 13:51:48,technology
17,51,view,2023-11-14 20:49:48,health
50,108,view,2023-08-08 22:08:48,science
27,126,view,2023-12-28 10:13:48,technology
29,99,comment,2024-03-07 17:23:48,sports
33,199,view,2024-05-26 12:11:48,health
46,136,view,2023-10-15 03:09:48,food
42,170,view,2024-04-25 00:17:48,politics
44,55,comment,2023-11-25 05:22:48,health
22,199,like,2024-05-26 12:02:48,health
28,194,like,2024-03-15 00:27:48,politics
40,16,like,2024-01-16 10:32:48,science
26,63,view,2023-06-27 14:21:48,entertainment
28,18,comment,2023-08-03 15:16:48,science
43,159,like,2024-06-24 02:49:48,politics
47,109,like,2024-01-25 17:29:48,entertainment
30,116,view,2024-06-09 03:07:48,politics
20,154,view,2023-10-03 07:31:48,science
48,70,view,2023-12-27 10:08:48,sports
45,171,view,2023-09-20 14:41:48,travel
19,156,view,2024-03-18 23:04:48,health
23,37,view,2023-10-02 03:59:48,sports
49,197,like,2023-10-20 20:52:48,technology
29,200,view,2024-04-20 12:11:48,science
10,31,view,2024-02-13 05:06:48,science
5,138,view,2024-03-13 20:45:48,travel
15,158,view,2023-11-10 20:29:48,entertainment
17,43,view,2023-09-11 11:59:48,food
4,65,view,2023-06-29 10:50:48,health
11,122,like,2024-05-18 08:43:48,politics
33,191,like,2023-07-23 23:50:48,food
48,49,view,2024-04-29 03:11:48,health
9,143,view,2024-03-31 00:37:48,politics
14,167,like,2024-05-28 00:49:48,travel
34,163,view,2024-01-23 10:56:48,health
3,66,view,2024-03-28 08:26:48,health
44,76,view,2024-04-11 19:19:48,science
49,108,like,2023-08-09 01:36:48,science
46,190,view,2024-01-06 17:21:48,science
25,61,view,2023-10-12 02:59:48,health
19,54,comment,2024-02-03 22:31:48,technology
22,109,view,2024-01-25 01:33:48,entertainment
5,185,view,2024-04-03 09:12:48,sports
48,37,view,2023-10-01 20:18:48,sports
12,57,like,2024-02-28 00:41:48,entertainment
50,32,view,2023-10-25 02:26:48,travel
39,3,view,2024-03-28 22:40:48,entertainment
16,199,view,2024-05-26 11:25:48,health
10,122,view,2024-05-18 15:13:48,politics
36,130,view,2024-03-22 17:13:48,sports
1,13,view,2024-03-11 06:31:48,entertainment
1,141,comment,2023-07-01 02:26:48,food
37,125,view,2024-03-13 16:09:48,travel
38,20,view,2024-02-29 07:42:48,sports
28,101,view,2024-04-09 19:44:48,technology
48,17,view,2023-12-01 15:10:48,science
25,126,view,2023-12-28 04:50:48,technology
30,144,view,2024-03-27 14:16:48,politics
8,160,like,2023-11-29 09:16:48,technology
35,73,view,2023-11-23 04:54:48,health
15,99,view,2024-03-07 01:12:48,sports
6,32,comment,2023-10-25 11:27:48,travel
36,193,view,2024-04-01 10:50:48,health
39,41,view,2023-11-28 06:34:48,entertainment
35,178,view,2023-09-12 18:53:48,sports
3,17,like,2023-12-01 08:16:48,science
24,99,view,2024-03-07 16:17:48,sports
41,180,view,2024-04-21 00:36:48,sports
28,11,like,2023-12-02 04:07:48,politics
44,64,like,2024-05-30 00:47:48,food
45,93,view,2023-09-12 06:09:48,food
5,139,like,2023-12-28 06:50:48,food
47,165,comment,2024-06-18 20:21:48,food
29,171,view,2023-09-20 12:10:48,travel
20,179,view,2024-05-02 00:53:48,politics
40,76,view,2024-04-11 06:20:48,science
24,44,view,2023-10-20 06:22:48,food
26,182,view,2024-04-19 00:36:48,science
9,15,view,2023-12-06 01:43:48,politics
41,53,view,2023-12-29 17:01:48,entertainment
20,135,view,2024-03-24 00:06:48,sports
32,18,view,2023-08-03 05:17:48,science
30,161,like,2024-02-17 06:38:48,technology
43,104,like,2024-01-04 17:15:48,travel
39,171,view,2023-09-19 22:47:48,travel
36,101,view,2024-04-09 07:02:48,technology
21,40,view,2023-11-04 07:37:48,health
48,32,view,2023-10-24 20:20:48,travel
29,25,comment,2024-05-10 19:02:48,health
47,157,like,2024-05-01 13:34:48,politics
40,37,view,2023-10-01 23:56:48,sports
7,19,view,2024-04-27 09:26:48,health
7,63,view,2023-06-27 10:13:48,entertainment
42,89,view,2023-08-07 16:52:48,food
20,29,view,2023-10-12 00:55:48,food
35,161,like,2024-02-17 08:02:48,technology
46,187,view,2024-02-08 19:26:48,entertainment
9,106,view,2024-03-31 14:12:48,food
17,14,view,2024-01-24 04:07:48,food
50,148,view,2024-03-31 20:20:48,politics
43,143,like,2024-03-31 10:15:48,politics
15,7,view,2023-11-04 00:32:48,science
5,112,view,2024-01-25 06:22:48,travel
33,158,like,2023-11-11 10:51:48,entertainment
10,175,view,2023-09-13 22:54:48,food
10,155,view,2023-10-05 23:21:48,politics
20,154,view,2023-10-03 06:33:48,science
19,153,view,2023-07-15 19:47:48,technology
25,200,view,2024-04-19 22:21:48,science
34,151,like,2023-12-30 18:22:48,politics
49,84,view,2024-01-30 00:48:48,health
31,20,like,2024-02-29 13:53:48,sports
34,127,view,2024-05-29 11:09:48,technology
41,151,like,2023-12-30 07:15:48,politics
18,173,view,2023-10-28 01:41:48,technology
41,51,view,2023-11-15 10:10:48,health
8,115,view,2023-08-22 09:49:48,science
7,112,like,2024-01-25 00:23:48,travel
15,89,view,2023-08-07 15:10:48,food
35,111,view,2024-01-25 21:30:48,health
1,197,like,2023-10-21 12:03:48,technology
45,130,like,2024-03-22 15:56:48,sports
32,102,view,2023-08-23 07:47:48,science
20,8,view,2024-03-09 07:23:48,food
20,144,view,2024-03-27 08:38:48,politics
24,100,view,2024-05-10 13:51:48,sports
47,125,view,2024-03-13 17:18:48,travel
46,75,view,2024-01-19 01:38:48,politics
16,77,view,2024-03-19 01:13:48,travel
26,191,view,2023-07-24 17:13:48,food
32,141,view,2023-06-30 20:26:48,food
31,101,view,2024-04-09 18:15:48,technology
48,154,view,2023-10-03 16:00:48,science
38,95,like,2023-10-08 09:01:48,health
41,65,view,2023-06-29 02:03:48,health
3,161,view,2024-02-17 09:07:48,technology
19,160,like,2023-11-29 12:31:48,technology
31,160,like,2023-11-29 01:55:48,technology
25,164,view,2023-09-18 03:17:48,health
9,188,view,2023-12-01 20:39:48,technology
30,135,like,2024-03-24 04:24:48,sports
43,158,view,2023-11-11 16:00:48,entertainment
29,46,view,2023-12-28 22:28:48,science
17,15,view,2023-12-05 21:26:48,politics
3,30,view,2023-09-15 03:25:48,entertainment
44,126,view,2023-12-28 16:08:48,technology
21,29,comment,2023-10-12 10:36:48,food
31,177,like,2024-02-12 02:59:48,entertainment
17,89,comment,2023-08-07 08:30:48,food
39,82,view,2024-01-17 03:34:48,sports
50,154,view,2023-10-02 21:53:48,science
43,104,view,2024-01-04 16:28:48,travel
40,102,view,2023-08-23 16:13:48,science
19,132,view,2023-10-01 15:37:48,politics
46,20,view,2024-02-28 19:53:48,sports
16,136,view,2023-10-15 12:56:48,food
35,195,comment,2023-12-13 18:36:48,food
3,62,like,2023-08-12 11:42:48,travel
27,40,view,2023-11-04 14:25:48,health
24,44,view,2023-10-20 19:18:48,food
36,117,like,2024-05-03 07:18:48,sports
24,145,comment,2023-10-14 21:44:48,food
15,112,view,2024-01-25 01:12:48,travel
8,87,view,2024-06-21 07:53:48,food
25,200,view,2024-04-19 22:45:48,science
5,150,view,2024-04-07 13:48:48,politics
11,152,view,2024-06-23 00:43:48,health
22,135,view,2024-03-23 23:03:48,sports
36,151,like,2023-12-30 02:56:48,politics
38,44,view,2023-10-20 08:12:48,food
3,84,view,2024-01-30 00:47:48,health
36,47,like,2023-12-16 08:44:48,technology
14,91,like,2023-10-02 12:11:48,technology
30,107,like,2024-03-10 20:29:48,health
21,97,view,2023-07-29 19:54:48,health
23,56,view,2023-10-29 23:20:48,sports
26,66,like,2024-03-28 19:20:48,health
12,183,view,2024-02-12 19:06:48,sports
45,64,view,2024-05-30 17:35:48,food
24,29,like,2023-10-12 15:12:48,food
49,13,like,2024-03-11 02:34:48,entertainment
6,28,view,2024-03-06 21:05:48,health
23,60,view,2024-01-29 15:01:48,entertainment
15,120,comment,2023-07-14 16:35:48,sports
31,92,like,2023-09-03 14:13:48,travel
41,151,view,2023-12-30 03:38:48,politics
46,101,view,2024-04-08 21:29:48,technology
46,85,like,2024-04-08 14:03:48,entertainment
32,89,like,2023-08-07 03:12:48,food
28,64,like,2024-05-30 02:40:48,food
3,126,comment,2023-12-28 05:30:48,technology
2,87,view,2024-06-21 03:34:48,food
44,125,view,2024-03-13 06:27:48,travel
48,197,like,2023-10-21 17:56:48,technology
1,146,view,2023-08-21 12:36:48,food
5,144,view,2024-03-26 21:04:48,politics
30,44,view,2023-10-20 09:58:48,food
25,189,like,2024-05-17 18:40:48,entertainment
38,130,view,2024-03-22 12:17:48,sports
24,21,view,2024-04-18 08:05:48,technology
32,61,view,2023-10-12 12:08:48,health
5,178,view,2023-09-12 10:09:48,sports
10,136,like,2023-10-15 02:03:48,food
24,144,like,2024-03-27 19:17:48,politics
23,129,like,2024-01-05 18:24:48,entertainment
27,92,view,2023-09-03 14:52:48,travel
50,173,view,2023-10-28 01:31:48,technology
4,30,view,2023-09-14 20:44:48,entertainment
45,140,comment,2023-10-25 12:24:48,food
4,38,like,2023-09-27 16:46:48,politics
20,184,view,2023-11-04 02:34:48,health
49,150,view,2024-04-07 06:20:48,politics
40,190,like,2024-01-05 20:12:48,science
49,95,view,2023-10-07 23:24:48,health
14,127,view,2024-05-29 13:54:48,technology
8,44,view,2023-10-20 00:12:48,food
15,119,view,2023-07-06 22:45:48,science
1,157,view,2024-05-01 10:11:48,politics
35,66,view,2024-03-28 16:13:48,health
18,128,view,2024-05-02 22:12:48,entertainment
5,128,view,2024-05-03 18:07:48,entertainment
27,183,view,2024-02-11 20:45:48,sports
37,47,view,2023-12-16 18:35:48,technology
40,76,like,2024-04-11 10:41:48,science
10,1,view,2024-03-10 17:49:48,science
33,36,view,2023-07-30 23:04:48,politics
50,53,view,2023-12-29 01:22:48,entertainment
28,141,view,2023-07-01 16:33:48,food
38,180,like,2024-04-21 01:48:48,sports
10,103,view,2024-05-02 01:08:48,science
21,153,view,2023-07-15 10:54:48,technology
12,42,comment,2023-12-29 07:09:48,travel
32,88,like,2024-04-04 20:42:48,food
19,44,like,2023-10-20 09:32:48,food
2,68,view,2023-11-16 08:09:48,entertainment
27,8,view,2024-03-09 00:42:48,food
25,98,like,2024-04-16 09:48:48,health
13,151,like,2023-12-30 04:58:48,politics
7,37,comment,2023-10-02 19:43:48,sports
39,65,view,2023-06-29 08:18:48,health
42,55,view,2023-11-24 22:05:48,health
31,41,view,2023-11-28 06:11:48,entertainment
39,167,view,2024-05-28 12:22:48,travel
30,15,view,2023-12-06 17:03:48,politics
50,105,comment,2024-03-25 20:22:48,politics
21,126,view,2023-12-28 17:34:48,technology
38,113,view,2024-01-28 22:57:48,travel
27,161,comment,2024-02-16 19:58:48,technology
14,28,view,2024-03-06 23:59:48,health
42,23,like,2023-09-18 05:46:48,sports
12,38,view,2023-09-27 18:44:48,politics
22,77,view,2024-03-19 07:32:48,travel
34,139,view,2023-12-28 00:57:48,food
24,102,view,2023-08-22 23:35:48,science
29,118,view,2023-09-04 20:50:48,travel
28,134,like,2023-08-10 06:46:48,health
38,70,comment,2023-12-27 16:18:48,sports
41,128,view,2024-05-03 12:46:48,entertainment
18,11,comment,2023-12-02 18:02:48,politics
38,15,view,2023-12-06 12:30:48,politics
11,17,view,2023-12-01 17:15:48,science
41,122,comment,2024-05-18 18:06:48,politics
4,101,comment,2024-04-09 07:13:48,technology
5,3,view,2024-03-29 19:11:48,entertainment
44,130,view,2024-03-21 22:09:48,sports
43,169,like,2024-03-15 11:34:48,travel
19,69,view,2023-12-08 18:50:48,sports
21,102,like,2023-08-23 09:51:48,science
40,57,comment,2024-02-28 01:14:48,entertainment
12,33,comment,2023-12-30 02:09:48,travel
13,189,view,2024-05-17 15:19:48,entertainment
47,160,like,2023-11-29 12:18:48,technology
49,118,view,2023-09-05 19:48:48,travel
1,88,like,2024-04-05 01:48:48,food
20,2,view,2023-12-05 23:35:48,food
24,120,view,2023-07-14 04:12:48,sports
14,53,view,2023-12-29 03:49:48,entertainment
13,58,view,2023-07-23 14:16:48,travel
9,47,view,2023-12-16 05:35:48,technology
46,115,view,2023-08-22 18:25:48,science
29,7,view,2023-11-04 12:20:48,science
12,80,view,2023-08-09 10:42:48,entertainment
12,184,view,2023-11-04 02:17:48,health
14,148,view,2024-03-31 23:01:48,politics
42,29,view,2023-10-12 00:27:48,food
37,22,view,2023-07-20 05:01:48,entertainment
27,43,comment,2023-09-11 08:03:48,food
12,122,view,2024-05-18 08:31:48,politics
49,23,view,2023-09-18 15:11:48,sports
18,90,view,2024-01-29 10:15:48,food
14,85,view,2024-04-07 23:01:48,entertainment
20,16,like,2024-01-16 17:39:48,science
35,99,view,2024-03-07 08:17:48,sports
13,92,view,2023-09-03 03:31:48,travel
42,173,like,2023-10-28 05:23:48,technology
36,132,comment,2023-10-01 11:18:48,politics
41,74,view,2023-10-24 23:05:48,science
7,30,view,2023-09-14 22:38:48,entertainment
36,157,like,2024-05-01 01:03:48,politics
4,97,view,2023-07-30 18:33:48,health
48,76,view,2024-04-10 22:44:48,science
27,187,view,2024-02-08 09:39:48,entertainment
43,83,view,2023-07-26 08:58:48,technology
14,2,like,2023-12-06 12:16:48,food
46,64,view,2024-05-30 09:02:48,food
18,185,like,2024-04-03 09:58:48,sports
38,103,comment,2024-05-02 13:00:48,science
35,11,like,2023-12-02 09:12:48,politics
50,71,view,2024-02-28 13:19:48,health
44,23,comment,2023-09-18 18:46:48,sports
12,193,view,2024-04-01 12:56:48,health
49,17,like,2023-12-01 10:11:48,science
20,32,view,2023-10-25 14:18:48,travel
36,84,view,2024-01-30 09:46:48,health
12,111,comment,2024-01-26 18:32:48,health
34,31,like,2024-02-13 02:08:48,science
38,180,view,2024-04-21 17:21:48,sports
41,185,view,2024-04-02 20:51:48,sports
30,171,view,2023-09-20 10:00:48,travel
13,187,like,2024-02-08 16:28:48,entertainment
38,142,view,2024-06-23 14:17:48,entertainment
50,64,view,2024-05-30 00:39:48,food
42,183,view,2024-02-12 03:04:48,sports
10,127,view,2024-05-29 15:30:48,technology
4,66,view,2024-03-28 02:00:48,health
41,53,view,2023-12-29 03:24:48,entertainment
42,168,view,2023-12-20 14:10:48,science
21,170,view,2024-04-25 11:07:48,politics
21,183,view,2024-02-12 06:58:48,sports
11,159,comment,2024-06-24 00:43:48,politics
10,123,view,2024-04-03 16:28:48,food
18,75,comment,2024-01-19 14:07:48,politics
46,64,view,2024-05-30 02:37:48,food
22,144,view,2024-03-27 15:38:48,politics
26,196,comment,2023-07-22 13:27:48,technology
15,50,view,2024-01-03 11:59:48,technology
38,67,view,2024-02-03 09:37:48,food
24,44,view,2023-10-20 12:16:48,food
45,193,view,2024-04-01 11:36:48,health
8,181,like,2024-02-25 11:00:48,entertainment
24,68,view,2023-11-16 02:22:48,entertainment
11,130,view,2024-03-22 08:27:48,sports
21,57,view,2024-02-28 07:40:48,entertainment
12,116,like,2024-06-08 20:01:48,politics
45,54,view,2024-02-04 04:18:48,technology
47,152,comment,2024-06-23 15:03:48,health
17,177,view,2024-02-12 06:24:48,entertainment
12,22,view,2023-07-20 17:47:48,entertainment
16,68,view,2023-11-16 06:45:48,entertainment
14,186,like,2024-05-06 06:42:48,science
21,117,like,2024-05-03 06:12:48,sports
16,103,view,2024-05-01 19:58:48,science
41,185,view,2024-04-02 23:05:48,sports
25,167,like,2024-05-28 03:24:48,travel
3,110,view,2024-05-26 11:21:48,technology
46,40,view,2023-11-04 00:19:48,health
42,194,view,2024-03-15 18:04:48,politics
3,139,view,2023-12-28 17:49:48,food
41,186,comment,2024-05-06 16:11:48,science
29,134,view,2023-08-09 22:40:48,health
33,62,view,2023-08-12 03:38:48,travel
39,200,like,2024-04-20 17:22:48,science
43,197,comment,2023-10-21 19:32:48,technology
13,116,view,2024-06-08 23:16:48,politics
32,184,view,2023-11-04 12:16:48,health
5,21,view,2024-04-18 12:40:48,technology
30,93,like,2023-09-11 21:31:48,food
29,173,view,2023-10-28 14:40:48,technology
22,22,view,2023-07-20 12:28:48,entertainment
30,37,view,2023-10-02 17:24:48,sports
42,31,view,2024-02-13 18:26:48,science
4,156,view,2024-03-18 22:20:48,health
35,123,view,2024-04-03 12:57:48,food
46,139,view,2023-12-28 10:46:48,food
30,200,view,2024-04-20 14:28:48,science
10,135,view,2024-03-24 03:29:48,sports
18,126,view,2023-12-27 20:49:48,technology
2,191,view,2023-07-24 18:54:48,food
24,111,view,2024-01-26 02:33:48,health
9,53,comment,2023-12-28 21:55:48,entertainment
29,99,view,2024-03-07 01:34:48,sports
46,89,like,2023-08-06 22:50:48,food
24,37,view,2023-10-02 02:05:48,sports
22,133,view,2024-04-24 03:03:48,travel
35,167,view,2024-05-28 12:54:48,travel
37,13,like,2024-03-11 15:46:48,entertainment
3,129,view,2024-01-05 18:12:48,entertainment
41,69,view,2023-12-08 04:41:48,sports
41,150,like,2024-04-07 10:18:48,politics
13,91,view,2023-10-02 01:54:48,technology
22,158,like,2023-11-11 09:31:48,entertainment
36,119,view,2023-07-07 12:48:48,science
7,185,view,2024-04-03 09:33:48,sports
20,8,view,2024-03-09 14:26:48,food
43,16,view,2024-01-16 18:00:48,science
39,73,like,2023-11-23 16:20:48,health
36,170,like,2024-04-25 13:31:48,politics
9,37,view,2023-10-02 09:59:48,sports
11,62,comment,2023-08-12 13:44:48,travel
12,7,view,2023-11-04 19:05:48,science
19,92,view,2023-09-03 19:16:48,travel
48,6,view,2023-06-29 05:04:48,food
16,135,view,2024-03-24 00:22:48,sports
33,97,view,2023-07-30 16:14:48,health
3,133,view,2024-04-24 02:02:48,travel
40,25,view,2024-05-10 11:41:48,health
17,129,like,2024-01-05 02:48:48,entertainment
14,170,view,2024-04-25 05:49:48,politics
36,23,like,2023-09-17 20:57:48,sports
28,176,view,2024-02-05 09:30:48,technology
21,81,like,2023-12-16 01:58:48,food
40,116,view,2024-06-09 04:22:48,politics
9,115,view,2023-08-21 21:57:48,science
28,189,view,2024-05-16 20:49:48,entertainment
6,30,view,2023-09-15 12:50:48,entertainment
9,55,view,2023-11-25 16:26:48,health
14,115,view,2023-08-22 07:53:48,science
49,66,view,2024-03-28 03:13:48,health
5,176,view,2024-02-05 12:43:48,technology
8,165,view,2024-06-19 16:13:48,food
33,138,view,2024-03-14 15:46:48,travel
2,105,view,2024-03-25 21:54:48,politics
36,16,view,2024-01-16 03:11:48,science
18,140,like,2023-10-24 20:57:48,food
49,185,view,2024-04-03 11:33:48,sports
34,141,like,2023-06-30 23:54:48,food
14,145,view,2023-10-15 08:16:48,food
29,134,comment,2023-08-10 19:01:48,health
11,141,view,2023-07-01 16:00:48,food
49,196,view,2023-07-22 18:45:48,technology
37,148,view,2024-04-01 15:49:48,politics
39,171,view,2023-09-20 01:09:48,travel
33,48,comment,2024-05-24 22:49:48,politics
19,32,view,2023-10-25 02:08:48,travel
27,9,comment,2024-04-07 06:19:48,science
24,158,view,2023-11-11 17:34:48,entertainment
18,16,like,2024-01-16 17:39:48,science
17,20,comment,2024-02-29 05:46:48,sports
49,198,view,2023-12-11 14:42:48,health
11,191,view,2023-07-24 17:39:48,food
39,85,comment,2024-04-08 05:09:48,entertainment
41,84,like,2024-01-30 15:04:48,health
9,157,view,2024-05-01 00:25:48,politics
5,33,view,2023-12-29 23:06:48,travel
26,21,view,2024-04-18 07:03:48,technology
8,20,like,2024-02-28 21:49:48,sports
47,86,view,2024-03-31 01:13:48,travel
50,141,view,2023-06-30 23:49:48,food
32,36,view,2023-07-31 12:42:48,politics
47,48,view,2024-05-25 13:56:48,politics
43,80,comment,2023-08-09 09:25:48,entertainment
11,145,like,2023-10-15 16:46:48,food
16,126,view,2023-12-28 02:33:48,technology
40,197,comment,2023-10-21 18:26:48,technology
44,142,view,2024-06-23 14:31:48,entertainment
9,13,like,2024-03-11 05:37:48,entertainment
3,8,view,2024-03-09 12:44:48,food
36,64,view,2024-05-30 04:22:48,food
44,138,view,2024-03-14 01:51:48,travel
39,71,view,2024-02-28 01:06:48,health
3,75,view,2024-01-19 14:24:48,politics
49,143,view,2024-03-31 05:13:48,politics
10,178,view,2023-09-12 00:54:48,sports
16,160,like,2023-11-29 00:50:48,technology
30,131,view,2023-08-28 14:33:48,sports
15,56,view,2023-10-30 09:40:48,sports
50,141,comment,2023-07-01 16:38:48,food
43,60,view,2024-01-28 23:54:48,entertainment
33,34,view,2023-10-28 03:48:48,food
32,144,view,2024-03-27 05:59:48,politics
40,196,view,2023-07-22 03:43:48,technology
19,30,like,2023-09-15 01:49:48,entertainment
29,57,view,2024-02-28 17:00:48,entertainment
50,66,like,2024-03-28 15:40:48,health
33,143,view,2024-03-31 15:53:48,politics
23,102,view,2023-08-23 04:29:48,science
27,114,view,2023-07-03 21:12:48,food
49,4,view,2024-06-23 01:52:48,sports
33,197,comment,2023-10-21 05:17:48,technology
3,172,view,2023-11-22 02:50:48,food
39,197,view,2023-10-21 15:18:48,technology
39,102,view,2023-08-23 14:12:48,science
47,171,view,2023-09-20 17:40:48,travel
40,171,view,2023-09-20 06:24:48,travel
37,183,view,2024-02-12 09:14:48,sports
36,198,view,2023-12-11 01:32:48,health
19,127,view,2024-05-29 08:36:48,technology
37,36,view,2023-07-31 12:18:48,politics
49,177,view,2024-02-11 21:43:48,entertainment
8,165,view,2024-06-19 07:14:48,food
19,35,view,2024-04-19 05:27:48,sports
7,88,view,2024-04-05 19:14:48,food
14,173,comment,2023-10-28 13:27:48,technology
46,68,view,2023-11-15 21:45:48,entertainment
47,178,view,2023-09-11 21:20:48,sports
27,129,like,2024-01-05 09:46:48,entertainment
40,24,view,2024-01-30 09:41:48,travel
19,157,view,2024-05-01 11:10:48,politics
39,58,view,2023-07-23 15:55:48,travel
24,189,comment,2024-05-17 09:02:48,entertainment
17,22,view,2023-07-20 07:53:48,entertainment
38,4,view,2024-06-22 23:09:48,sports
7,41,view,2023-11-28 01:29:48,entertainment
37,5,view,2024-03-08 08:29:48,health
10,16,view,2024-01-16 19:18:48,science
18,58,view,2023-07-23 14:51:48,travel
28,199,like,2024-05-26 12:06:48,health
31,97,view,2023-07-30 09:27:48,health
26,32,view,2023-10-25 18:49:48,travel
33,113,view,2024-01-29 11:26:48,travel
40,90,view,2024-01-29 13:33:48,food
10,140,view,2023-10-25 04:02:48,food
8,97,view,2023-07-30 10:06:48,health
31,178,comment,2023-09-12 15:47:48,sports
34,90,view,2024-01-29 19:14:48,food
40,106,view,2024-03-31 17:30:48,food
29,72,view,2024-03-05 07:02:48,science
44,56,view,2023-10-30 18:35:48,sports
42,167,view,2024-05-28 19:26:48,travel
50,194,view,2024-03-15 06:00:48,politics
23,65,view,2023-06-29 04:50:48,health
9,87,view,2024-06-21 11:53:48,food
47,198,comment,2023-12-11 09:26:48,health
41,90,like,2024-01-29 06:54:48,food
29,154,comment,2023-10-03 10:06:48,science
22,177,view,2024-02-12 00:55:48,entertainment
44,59,comment,2024-03-10 18:18:48,food
17,160,comment,2023-11-29 14:05:48,technology
7,19,view,2024-04-26 20:47:48,health
26,86,view,2024-03-31 05:50:48,travel
22,8,like,2024-03-09 11:56:48,food
35,95,view,2023-10-08 07:50:48,health
1,193,comment,2024-04-01 11:31:48,health
22,41,view,2023-11-28 11:03:48,entertainment
4,170,view,2024-04-24 23:33:48,politics
27,33,comment,2023-12-30 01:51:48,travel
46,162,view,2023-11-03 18:20:48,food
2,16,view,2024-01-16 07:17:48,science
36,151,like,2023-12-30 09:34:48,politics
15,44,like,2023-10-19 20:45:48,food
14,65,view,2023-06-28 21:12:48,health
21,170,view,2024-04-25 01:54:48,politics
3,59,comment,2024-03-09 20:19:48,food
10,111,view,2024-01-26 00:56:48,health
20,87,like,2024-06-21 09:47:48,food
15,123,like,2024-04-03 05:23:48,food
15,182,view,2024-04-19 09:23:48,science
40,163,view,2024-01-23 07:37:48,health
38,2,view,2023-12-06 11:59:48,food
25,9,comment,2024-04-07 04:12:48,science
41,187,view,2024-02-08 07:32:48,entertainment
25,8,like,2024-03-09 18:56:48,food
14,180,view,2024-04-21 02:22:48,sports
1,167,view,2024-05-28 18:02:48,travel
43,99,view,2024-03-07 00:55:48,sports
30,129,view,2024-01-04 22:05:48,entertainment
21,84,view,2024-01-30 09:02:48,health
10,144,view,2024-03-27 07:50:48,politics
7,54,like,2024-02-04 10:35:48,technology
27,158,view,2023-11-11 10:22:48,entertainment
46,13,view,2024-03-11 18:01:48,entertainment
47,4,view,2024-06-23 14:02:48,sports
33,177,like,2024-02-12 17:00:48,entertainment
26,48,view,2024-05-24 20:45:48,politics
24,52,view,2024-04-29 02:32:48,health
11,105,view,2024-03-26 11:07:48,politics
9,196,view,2023-07-21 20:42:48,technology
47,199,view,2024-05-26 04:03:48,health
49,193,view,2024-03-31 21:02:48,health
7,54,view,2024-02-04 01:22:48,technology
39,155,view,2023-10-06 00:12:48,politics
8,121,view,2024-04-18 03:19:48,travel
43,95,view,2023-10-08 05:47:48,health
20,184,like,2023-11-03 23:47:48,health
34,186,view,2024-05-06 03:49:48,science
40,31,like,2024-02-13 01:19:48,science
22,195,view,2023-12-13 05:38:48,food
21,14,view,2024-01-23 21:31:48,food
40,123,view,2024-04-03 12:20:48,food
17,199,view,2024-05-26 07:09:48,health
27,148,like,2024-03-31 22:22:48,politics
24,92,view,2023-09-03 19:33:48,travel
48,139,like,2023-12-28 05:43:48,food
20,161,view,2024-02-17 19:47:48,technology
5,133,view,2024-04-24 17:33:48,travel
6,7,comment,2023-11-03 22:49:48,science
25,9,view,2024-04-06 20:35:48,science
37,69,view,2023-12-08 12:14:48,sports
25,167,view,2024-05-28 01:28:48,travel
37,193,comment,2024-04-01 16:39:48,health
18,164,like,2023-09-18 05:29:48,health
11,141,like,2023-06-30 21:54:48,food
48,14,like,2024-01-24 14:10:48,food
46,103,like,2024-05-02 06:09:48,science
22,124,view,2024-03-22 01:37:48,food
22,1,view,2024-03-10 08:00:48,science
31,21,view,2024-04-18 05:56:48,technology
3,44,view,2023-10-20 05:03:48,food
20,101,view,2024-04-08 19:57:48,technology
35,101,like,2024-04-09 01:20:48,technology
50,58,view,2023-07-22 23:28:48,travel
36,34,like,2023-10-28 15:19:48,food
42,78,view,2023-10-27 18:51:48,technology
50,113,view,2024-01-29 01:35:48,travel
5,70,view,2023-12-27 04:24:48,sports
30,10,like,2023-07-14 17:39:48,food
46,114,view,2023-07-04 00:27:48,food
1,10,view,2023-07-14 13:31:48,food
28,95,view,2023-10-08 16:24:48,health
47,137,view,2024-05-24 15:52:48,technology
16,140,view,2023-10-24 21:03:48,food
6,166,like,2024-05-29 12:23:48,sports
45,113,view,2024-01-29 10:08:48,travel
11,156,view,2024-03-19 11:15:48,health
24,182,view,2024-04-19 17:01:48,science
15,14,like,2024-01-24 08:39:48,food
3,147,like,2024-03-19 02:18:48,food
37,149,view,2024-01-14 22:06:48,food
6,4,like,2024-06-22 20:20:48,sports
4,117,view,2024-05-03 05:26:48,sports
5,76,view,2024-04-10 23:09:48,science
33,136,view,2023-10-15 06:42:48,food
24,17,view,2023-12-01 06:53:48,science
26,79,view,2024-06-22 15:57:48,health
5,88,comment,2024-04-05 01:56:48,food
9,74,like,2023-10-24 23:33:48,science
20,42,view,2023-12-29 13:34:48,travel
39,28,view,2024-03-07 05:48:48,health
10,141,view,2023-07-01 00:52:48,food
30,75,view,2024-01-18 21:12:48,politics
47,98,view,2024-04-16 09:07:48,health
44,24,view,2024-01-29 22:34:48,travel
25,21,like,2024-04-18 05:25:48,technology
28,22,like,2023-07-20 12:05:48,entertainment
6,108,view,2023-08-09 16:09:48,science
22,29,view,2023-10-12 09:58:48,food
35,175,view,2023-09-14 03:33:48,food
4,18,view,2023-08-03 17:16:48,science
23,58,like,2023-07-23 10:49:48,travel
11,180,view,2024-04-21 19:11:48,sports
48,108,view,2023-08-09 14:58:48,science
8,69,view,2023-12-08 01:33:48,sports
29,5,view,2024-03-08 16:38:48,health
39,193,view,2024-04-01 18:14:48,health
